model,accuracy,precision,recall,f1,auc_roc
Random Forest,0.5965420274521814,0.44011198571776355,0.9400294652916197,0.5995301920685366,0.8301871420638705
Baseline (prior att),0.6695158281593674,0.4896929687986548,0.6814282000173325,0.5698651978547615,0.7823538235155829
XGBoost (default),0.49686777848929475,0.3868565093882076,0.967761504463125,0.5527533721074125,0.8144281975786354
XGBoost (tuned),0.4798563354400423,0.3805078791528656,0.9856140046797817,0.5490489523993435,0.843852217981899
Logistic Regression,0.3644792159701534,0.3353176340132481,0.9958401941242742,0.5017027593433462,0.7662464403997953
